Customer type;Gender;Product line;Unit price;Total;Payment
Member;Female;Health and beauty;74.69;5.489.715;Ewallet
Normal;Female;Electronic accessories;15.28;80.22;Cash
Normal;Male;Home and lifestyle;46.33;3.405.255;Credit card
Member;Male;Health and beauty;58.22;489.048;Ewallet
Normal;Male;Sports and travel;86.31;6.343.785;Ewallet
Normal;Male;Electronic accessories;85.39;6.276.165;Ewallet
Member;Female;Electronic accessories;68.84;433.692;Ewallet
Normal;Female;Home and lifestyle;73.56;772.38;Ewallet
Member;Female;Health and beauty;36.26;76.146;Credit card
Member;Female;Food and beverages;54.84;172.746;Credit card
Member;Female;Fashion accessories;14.48;60.816;Ewallet
Member;Male;Electronic accessories;25.51;107.142;Cash
Normal;Female;Electronic accessories;46.95;2.464.875;Ewallet
Normal;Male;Food and beverages;43.19;453.495;Ewallet
Normal;Female;Health and beauty;71.38;749.49;Cash
Member;Female;Sports and travel;93.72;590.436;Cash
Member;Female;Health and beauty;68.93;5.066.355;Credit card
Normal;Male;Sports and travel;72.61;457.443;Credit card
Normal;Male;Food and beverages;54.67;1.722.105;Credit card
Normal;Female;Home and lifestyle;40.3;84.63;Ewallet
Member;Male;Electronic accessories;86.04;451.71;Ewallet
Normal;Male;Health and beauty;87.98;277.137;Ewallet
Normal;Male;Home and lifestyle;33.2;69.72;Credit card
Normal;Male;Electronic accessories;34.56;181.44;Ewallet
Member;Male;Sports and travel;88.63;2.791.845;Ewallet
Member;Female;Home and lifestyle;52.59;441.756;Credit card
Normal;Male;Fashion accessories;33.52;35.196;Cash
Normal;Female;Fashion accessories;87.67;184.107;Credit card
Normal;Female;Food and beverages;88.36;463.89;Cash
Normal;Male;Health and beauty;24.89;2.352.105;Cash
Normal;Male;Fashion accessories;94.13;4.941.825;Credit card
Member;Male;Sports and travel;78.07;7.377.615;Cash
Normal;Male;Sports and travel;83.78;703.752;Cash
Normal;Male;Health and beauty;96.58;202.818;Credit card
Member;Female;Food and beverages;99.42;417.564;Ewallet
Member;Female;Sports and travel;68.12;71.526;Ewallet
Member;Male;Sports and travel;62.62;328.755;Ewallet
Normal;Female;Electronic accessories;60.88;575.316;Ewallet
Normal;Female;Health and beauty;54.92;461.328;Ewallet
Member;Male;Home and lifestyle;30.12;253.008;Cash
Member;Female;Home and lifestyle;86.72;91.056;Ewallet
Member;Male;Home and lifestyle;56.11;117.831;Cash
Member;Female;Sports and travel;69.12;435.456;Cash
Member;Female;Food and beverages;98.7;829.08;Cash
Member;Male;Health and beauty;15.37;32.277;Cash
Member;Female;Electronic accessories;93.96;394.632;Cash
Member;Male;Health and beauty;56.69;5.357.205;Credit card
Member;Female;Food and beverages;20.01;1.890.945;Ewallet
Member;Male;Electronic accessories;18.93;119.259;Credit card
Member;Female;Fashion accessories;82.63;867.615;Ewallet
Member;Male;Food and beverages;91.4;671.79;Cash
Member;Female;Food and beverages;44.59;2.340.975;Cash
Member;Female;Fashion accessories;17.87;75.054;Ewallet
Member;Male;Fashion accessories;15.43;162.015;Credit card
Normal;Male;Home and lifestyle;16.16;33.936;Ewallet
Normal;Female;Electronic accessories;85.98;722.232;Cash
Member;Male;Home and lifestyle;44.34;93.114;Cash
Normal;Male;Health and beauty;89.6;752.64;Ewallet
Member;Female;Home and lifestyle;72.35;759.675;Cash
Normal;Male;Electronic accessories;30.61;192.843;Cash
Member;Female;Sports and travel;24.74;77.931;Credit card
Normal;Male;Home and lifestyle;55.73;351.099;Ewallet
Member;Female;Sports and travel;55.07;5.204.115;Ewallet
Member;Male;Sports and travel;15.81;166.005;Credit card
Member;Male;Health and beauty;75.74;318.108;Cash
Member;Male;Health and beauty;15.87;166.635;Cash
Normal;Female;Health and beauty;33.47;70.287;Ewallet
Member;Female;Fashion accessories;97.61;614.943;Ewallet
Normal;Male;Sports and travel;78.77;827.085;Cash
Member;Female;Health and beauty;18.33;192.465;Cash
Normal;Male;Food and beverages;89.48;939.54;Credit card
Normal;Male;Fashion accessories;62.12;652.26;Cash
Member;Female;Food and beverages;48.52;152.838;Ewallet
Normal;Female;Electronic accessories;75.91;478.233;Cash
Normal;Male;Home and lifestyle;74.67;7.056.315;Ewallet
Normal;Female;Electronic accessories;41.65;437.325;Credit card
Member;Male;Fashion accessories;49.04;463.428;Credit card
Member;Female;Fashion accessories;20.01;1.890.945;Credit card
Member;Female;Food and beverages;78.31;822.255;Ewallet
Normal;Female;Health and beauty;20.38;106.995;Cash
Normal;Female;Health and beauty;99.19;624.897;Credit card
Normal;Female;Food and beverages;96.68;304.542;Ewallet
Normal;Male;Food and beverages;19.25;161.7;Ewallet
Member;Female;Food and beverages;80.36;337.512;Credit card
Member;Male;Sports and travel;48.91;2.567.775;Cash
Normal;Female;Sports and travel;83.06;610.491;Ewallet
Normal;Male;Fashion accessories;76.52;401.73;Cash
Member;Male;Food and beverages;49.38;362.943;Credit card
Normal;Male;Sports and travel;42.47;445.935;Cash
Normal;Female;Health and beauty;76.99;485.037;Cash
Member;Female;Home and lifestyle;47.38;198.996;Cash
Normal;Female;Sports and travel;44.86;471.03;Ewallet
Member;Female;Sports and travel;21.98;161.553;Ewallet
Member;Male;Health and beauty;64.36;608.202;Credit card
Normal;Male;Health and beauty;89.75;942.375;Credit card
Normal;Male;Electronic accessories;97.16;102.018;Ewallet
Normal;Male;Health and beauty;87.87;922.635;Ewallet
Normal;Female;Electronic accessories;12.45;78.435;Cash
Normal;Male;Food and beverages;52.75;1.661.625;Ewallet
Normal;Male;Home and lifestyle;82.7;521.01;Cash
Member;Male;Fashion accessories;48.71;511.455;Cash
Normal;Male;Fashion accessories;78.55;7.422.975;Cash
Normal;Female;Electronic accessories;23.07;2.180.115;Cash
Normal;Male;Food and beverages;58.26;367.038;Cash
Normal;Male;Health and beauty;30.35;2.230.725;Cash
Member;Male;Electronic accessories;88.67;931.035;Ewallet
Normal;Male;Fashion accessories;27.38;172.494;Credit card
Normal;Male;Sports and travel;62.13;391.419;Cash
Normal;Female;Food and beverages;33.98;321.111;Cash
Member;Male;Electronic accessories;81.97;860.685;Cash
Member;Female;Sports and travel;16.49;34.629;Ewallet
Member;Female;Health and beauty;98.21;3.093.615;Credit card
Normal;Female;Fashion accessories;72.84;535.374;Cash
Member;Male;Home and lifestyle;58.07;5.487.615;Ewallet
Member;Female;Home and lifestyle;80.79;7.634.655;Credit card
Normal;Female;Fashion accessories;27.02;85.113;Credit card
Member;Male;Fashion accessories;21.94;115.185;Ewallet
Member;Male;Fashion accessories;51.36;53.928;Ewallet
Normal;Female;Food and beverages;10.96;115.08;Ewallet
Normal;Male;Home and lifestyle;53.44;112.224;Ewallet
Normal;Female;Electronic accessories;99.56;836.304;Credit card
Member;Male;Sports and travel;57.12;419.832;Credit card
Member;Male;Sports and travel;99.96;944.622;Credit card
Member;Male;Home and lifestyle;63.91;536.844;Credit card
Member;Female;Fashion accessories;56.47;474.348;Ewallet
Normal;Female;Home and lifestyle;93.69;6.886.215;Credit card
Normal;Female;Sports and travel;32.25;1.693.125;Cash
Normal;Female;Fashion accessories;31.73;2.998.485;Credit card
Member;Female;Food and beverages;68.54;575.736;Ewallet
Normal;Female;Sports and travel;90.28;853.146;Ewallet
Normal;Female;Fashion accessories;39.62;291.207;Cash
Member;Female;Sports and travel;92.13;580.419;Cash
Normal;Female;Sports and travel;34.84;146.328;Cash
Member;Male;Electronic accessories;87.45;550.935;Credit card
Normal;Female;Health and beauty;81.3;512.19;Ewallet
Normal;Male;Fashion accessories;90.22;284.193;Cash
Normal;Female;Electronic accessories;26.31;1.381.275;Credit card
Member;Female;Home and lifestyle;34.42;216.846;Cash
Normal;Male;Sports and travel;51.91;545.055;Cash
Normal;Male;Sports and travel;72.5;609;Ewallet
Member;Female;Sports and travel;89.8;942.9;Credit card
Member;Male;Health and beauty;90.5;950.25;Cash
Member;Female;Health and beauty;68.6;720.3;Cash
Member;Female;Food and beverages;30.41;319.305;Credit card
Normal;Female;Home and lifestyle;77.95;491.085;Ewallet
Normal;Female;Health and beauty;46.26;291.438;Credit card
Member;Female;Fashion accessories;30.14;316.47;Ewallet
Normal;Male;Health and beauty;66.14;277.788;Credit card
Member;Male;Home and lifestyle;71.86;603.624;Credit card
Normal;Male;Health and beauty;32.46;272.664;Credit card
Member;Female;Fashion accessories;91.54;384.468;Credit card
Member;Male;Sports and travel;34.56;254.016;Credit card
Normal;Male;Fashion accessories;83.24;786.618;Credit card
Normal;Female;Food and beverages;16.48;103.824;Ewallet
Normal;Female;Sports and travel;80.97;680.148;Cash
Member;Male;Food and beverages;92.29;4.845.225;Credit card
Member;Male;Electronic accessories;72.17;757.785;Cash
Normal;Male;Home and lifestyle;50.28;263.97;Ewallet
Member;Male;Health and beauty;97.22;918.729;Ewallet
Normal;Male;Sports and travel;93.39;588.357;Ewallet
Normal;Female;Food and beverages;43.18;362.712;Credit card
Normal;Male;Sports and travel;63.69;668.745;Cash
Normal;Male;Food and beverages;45.79;3.365.565;Credit card
Normal;Male;Sports and travel;76.4;160.44;Ewallet
Normal;Male;Food and beverages;39.9;418.95;Credit card
Member;Male;Health and beauty;42.57;357.588;Ewallet
Normal;Male;Home and lifestyle;95.58;1003.59;Cash
Normal;Male;Fashion accessories;98.98;1039.29;Credit card
Normal;Male;Food and beverages;51.28;323.064;Cash
Member;Male;Sports and travel;69.52;510.972;Credit card
Normal;Male;Health and beauty;70.01;3.675.525;Ewallet
Member;Male;Food and beverages;80.05;4.202.625;Credit card
Normal;Male;Electronic accessories;20.85;175.14;Cash
Member;Male;Electronic accessories;52.89;333.207;Credit card
Normal;Male;Food and beverages;19.79;166.236;Ewallet
Member;Male;Home and lifestyle;33.84;319.788;Ewallet
Member;Male;Food and beverages;22.17;186.228;Credit card
Normal;Female;Fashion accessories;22.51;1.654.485;Credit card
Normal;Male;Food and beverages;73.88;465.444;Ewallet
Member;Male;Health and beauty;86.8;273.42;Ewallet
Normal;Male;Fashion accessories;64.26;472.311;Cash
Member;Male;Food and beverages;38.47;323.148;Cash
Member;Male;Sports and travel;15.5;162.75;Ewallet
Normal;Male;Health and beauty;34.31;288.204;Ewallet
Normal;Female;Sports and travel;12.34;90.699;Credit card
Member;Male;Food and beverages;18.08;56.952;Ewallet
Member;Female;Home and lifestyle;94.49;793.716;Ewallet
Member;Male;Home and lifestyle;46.47;195.174;Cash
Normal;Male;Home and lifestyle;74.07;777.735;Ewallet
Normal;Female;Home and lifestyle;69.81;293.202;Credit card
Normal;Female;Home and lifestyle;77.04;242.676;Credit card
Normal;Female;Fashion accessories;73.52;154.392;Ewallet
Normal;Female;Food and beverages;87.8;829.71;Cash
Normal;Male;Home and lifestyle;25.55;107.31;Ewallet
Normal;Male;Electronic accessories;32.71;1.717.275;Credit card
Member;Female;Fashion accessories;74.29;780.045;Cash
Member;Male;Health and beauty;43.7;91.77;Cash
Normal;Female;Home and lifestyle;25.29;265.545;Ewallet
Normal;Male;Health and beauty;41.5;174.3;Credit card
Member;Female;Food and beverages;71.39;3.747.975;Credit card
Member;Female;Sports and travel;19.15;120.645;Credit card
Member;Female;Electronic accessories;57.49;241.458;Cash
Normal;Male;Electronic accessories;61.41;4.513.635;Cash
Member;Male;Health and beauty;25.9;271.95;Ewallet
Member;Male;Home and lifestyle;17.77;932.925;Credit card
Normal;Female;Health and beauty;23.03;2.176.335;Ewallet
Member;Female;Electronic accessories;66.65;6.298.425;Credit card
Member;Female;Home and lifestyle;28.53;299.565;Ewallet
Normal;Female;Fashion accessories;30.37;956.655;Ewallet
Normal;Female;Electronic accessories;99.73;9.424.485;Credit card
Normal;Male;Electronic accessories;26.23;2.478.735;Ewallet
Normal;Female;Food and beverages;93.26;881.307;Cash
Normal;Male;Home and lifestyle;92.36;484.89;Ewallet
Normal;Male;Sports and travel;46.42;146.223;Credit card
Member;Female;Sports and travel;29.61;2.176.335;Cash
Normal;Male;Home and lifestyle;18.28;19.194;Credit card
Normal;Female;Sports and travel;24.77;1.300.425;Cash
Member;Female;Electronic accessories;94.64;298.116;Cash
Normal;Male;Fashion accessories;94.87;796.908;Ewallet
Normal;Female;Food and beverages;57.34;180.621;Credit card
Normal;Male;Electronic accessories;45.35;285.705;Ewallet
Normal;Male;Food and beverages;62.08;456.288;Ewallet
Normal;Male;Electronic accessories;11.81;620.025;Cash
Member;Female;Fashion accessories;12.54;13.167;Cash
Normal;Male;Food and beverages;43.25;90.825;Cash
Member;Female;Sports and travel;87.16;183.036;Credit card
Member;Male;Health and beauty;69.37;6.555.465;Ewallet
Member;Male;Electronic accessories;37.06;155.652;Ewallet
Member;Female;Electronic accessories;90.7;571.41;Cash
Normal;Female;Home and lifestyle;63.42;532.728;Ewallet
Normal;Female;Fashion accessories;81.37;170.877;Cash
Member;Female;Electronic accessories;10.59;333.585;Credit card
Normal;Female;Health and beauty;84.09;7.946.505;Cash
Member;Male;Fashion accessories;73.82;310.044;Cash
Member;Male;Health and beauty;51.94;545.37;Ewallet
Normal;Female;Sports and travel;93.14;195.594;Ewallet
Normal;Male;Health and beauty;17.41;914.025;Credit card
Member;Female;Fashion accessories;44.22;232.155;Credit card
Member;Female;Electronic accessories;13.22;69.405;Cash
Normal;Male;Fashion accessories;89.69;941.745;Ewallet
Normal;Male;Food and beverages;24.94;235.683;Credit card
Normal;Male;Health and beauty;59.77;125.517;Credit card
Member;Male;Fashion accessories;93.2;195.72;Credit card
Member;Male;Home and lifestyle;62.65;263.13;Cash
Normal;Male;Home and lifestyle;93.87;788.508;Credit card
Member;Male;Home and lifestyle;47.59;399.756;Cash
Member;Female;Electronic accessories;81.4;256.41;Cash
Member;Male;Fashion accessories;17.94;94.185;Ewallet
Member;Male;Electronic accessories;77.72;326.424;Credit card
Normal;Male;Food and beverages;73.06;536.991;Credit card
Member;Male;Food and beverages;46.55;4.398.975;Ewallet
Member;Male;Fashion accessories;35.19;369.495;Credit card
Normal;Female;Sports and travel;14.39;30.219;Credit card
Normal;Male;Home and lifestyle;23.75;99.75;Cash
Member;Male;Home and lifestyle;58.9;494.76;Cash
Member;Male;Fashion accessories;32.62;137.004;Cash
Member;Male;Electronic accessories;66.35;696.675;Credit card
Member;Male;Home and lifestyle;25.91;163.233;Ewallet
Member;Male;Electronic accessories;32.25;135.45;Ewallet
Member;Male;Electronic accessories;65.94;276.948;Credit card
Normal;Female;Electronic accessories;75.06;709.317;Ewallet
Normal;Female;Fashion accessories;16.45;69.09;Ewallet
Member;Female;Fashion accessories;38.3;160.86;Cash
Member;Female;Sports and travel;22.24;233.52;Cash
Normal;Male;Sports and travel;54.45;571.725;Ewallet
Member;Female;Sports and travel;98.4;723.24;Credit card
Normal;Male;Home and lifestyle;35.47;148.974;Credit card
Member;Female;Food and beverages;74.6;783.3;Cash
Member;Male;Home and lifestyle;70.74;297.108;Credit card
Member;Female;Home and lifestyle;35.54;373.17;Ewallet
Normal;Female;Sports and travel;67.43;3.540.075;Ewallet
Member;Female;Health and beauty;21.12;44.352;Cash
Member;Female;Home and lifestyle;21.54;203.553;Credit card
Normal;Female;Home and lifestyle;12.03;25.263;Cash
Normal;Female;Health and beauty;99.71;628.173;Ewallet
Normal;Male;Fashion accessories;47.97;3.525.795;Cash
Member;Female;Home and lifestyle;21.82;229.11;Cash
Normal;Female;Fashion accessories;95.42;400.764;Ewallet
Member;Male;Fashion accessories;70.99;745.395;Cash
Member;Male;Sports and travel;44.02;462.21;Credit card
Normal;Female;Home and lifestyle;69.96;587.664;Credit card
Normal;Male;Home and lifestyle;37;38.85;Credit card
Normal;Female;Sports and travel;15.34;16.107;Cash
Member;Male;Health and beauty;99.83;628.929;Ewallet
Member;Female;Health and beauty;47.67;200.214;Cash
Normal;Male;Health and beauty;66.68;350.07;Cash
Member;Male;Home and lifestyle;74.86;78.603;Cash
Normal;Female;Sports and travel;23.75;2.244.375;Cash
Normal;Female;Food and beverages;48.51;3.565.485;Credit card
Member;Female;Home and lifestyle;94.88;697.368;Cash
Member;Male;Electronic accessories;40.3;423.15;Credit card
Normal;Male;Electronic accessories;27.85;2.046.975;Ewallet
Member;Female;Electronic accessories;62.48;65.604;Cash
Member;Female;Food and beverages;36.36;76.356;Cash
Normal;Male;Health and beauty;18.11;190.155;Ewallet
Member;Female;Electronic accessories;51.92;272.58;Cash
Normal;Male;Electronic accessories;28.84;121.128;Cash
Member;Male;Home and lifestyle;78.38;493.794;Ewallet
Member;Male;Home and lifestyle;60.01;252.042;Cash
Member;Female;Home and lifestyle;88.61;930.405;Cash
Normal;Male;Fashion accessories;99.82;209.622;Credit card
Member;Male;Health and beauty;39.01;409.605;Credit card
Normal;Male;Food and beverages;48.61;510.405;Cash
Normal;Female;Electronic accessories;51.19;214.998;Credit card
Normal;Female;Electronic accessories;14.96;125.664;Cash
Member;Male;Electronic accessories;72.2;530.67;Ewallet
Normal;Female;Sports and travel;40.23;2.956.905;Cash
Member;Female;Home and lifestyle;88.79;745.836;Cash
Member;Female;Electronic accessories;26.48;83.412;Ewallet
Normal;Female;Fashion accessories;81.91;172.011;Cash
Member;Male;Sports and travel;79.93;503.559;Cash
Member;Male;Fashion accessories;69.33;145.593;Ewallet
Member;Female;Food and beverages;14.23;747.075;Credit card
Member;Female;Health and beauty;15.55;1.469.475;Cash
Member;Female;Electronic accessories;78.13;820.365;Cash
Member;Male;Food and beverages;99.37;208.677;Cash
Member;Female;Food and beverages;21.08;66.402;Cash
Member;Male;Electronic accessories;74.79;3.926.475;Cash
Member;Female;Health and beauty;29.67;2.180.745;Credit card
Member;Male;Health and beauty;44.07;185.094;Ewallet
Normal;Female;Food and beverages;22.93;2.166.885;Cash
Normal;Female;Health and beauty;39.42;41.391;Cash
Normal;Male;Health and beauty;15.26;96.138;Ewallet
Normal;Female;Fashion accessories;61.77;3.242.925;Cash
Normal;Male;Home and lifestyle;21.52;135.576;Credit card
Normal;Male;Sports and travel;97.74;410.508;Ewallet
Member;Male;Food and beverages;99.78;523.845;Cash
Member;Male;Food and beverages;94.26;395.892;Cash
Member;Male;Health and beauty;51.13;214.746;Credit card
Member;Male;Electronic accessories;36.36;152.712;Cash
Normal;Male;Home and lifestyle;22.02;208.089;Cash
Normal;Male;Food and beverages;32.9;103.635;Credit card
Normal;Male;Fashion accessories;77.02;404.355;Cash
Member;Male;Food and beverages;23.48;49.308;Credit card
Member;Male;Sports and travel;14.7;77.175;Ewallet
Member;Female;Electronic accessories;28.45;1.493.625;Credit card
Normal;Male;Fashion accessories;76.4;721.98;Ewallet
Normal;Female;Sports and travel;57.95;365.085;Cash
Normal;Female;Electronic accessories;47.65;1.500.975;Credit card
Member;Female;Food and beverages;42.82;404.649;Credit card
Member;Male;Electronic accessories;48.09;1.514.835;Credit card
Member;Female;Health and beauty;55.97;4.113.795;Ewallet
Member;Female;Health and beauty;76.9;565.215;Cash
Normal;Female;Food and beverages;97.03;5.094.075;Ewallet
Normal;Male;Sports and travel;44.65;1.406.475;Cash
Normal;Female;Fashion accessories;77.93;7.364.385;Ewallet
Member;Male;Electronic accessories;71.95;755.475;Cash
Member;Female;Home and lifestyle;89.25;749.7;Cash
Normal;Male;Electronic accessories;26.02;191.247;Cash
Normal;Female;Health and beauty;13.5;141.75;Credit card
Member;Female;Fashion accessories;99.3;1042.65;Credit card
Normal;Male;Electronic accessories;51.69;3.799.215;Cash
Member;Female;Fashion accessories;54.73;4.022.655;Credit card
Member;Male;Home and lifestyle;27;255.15;Cash
Normal;Female;Electronic accessories;30.24;31.752;Cash
Member;Female;Food and beverages;89.14;374.388;Credit card
Normal;Female;Fashion accessories;37.55;394.275;Credit card
Normal;Female;Sports and travel;95.44;1002.12;Cash
Normal;Male;Electronic accessories;27.5;86.625;Ewallet
Normal;Male;Sports and travel;74.97;787.185;Cash
Member;Male;Food and beverages;80.96;680.064;Credit card
Normal;Female;Food and beverages;94.47;793.548;Cash
Normal;Male;Food and beverages;99.79;209.559;Ewallet
Normal;Male;Home and lifestyle;73.22;461.286;Cash
Normal;Female;Food and beverages;41.24;173.208;Cash
Normal;Female;Fashion accessories;81.68;343.056;Cash
Normal;Female;Electronic accessories;51.32;484.974;Cash
Member;Male;Home and lifestyle;65.94;276.948;Cash
Normal;Female;Sports and travel;14.36;150.78;Cash
Member;Male;Electronic accessories;21.5;203.175;Credit card
Member;Female;Electronic accessories;26.26;193.011;Cash
Normal;Female;Fashion accessories;60.96;128.016;Credit card
Normal;Female;Home and lifestyle;70.11;441.693;Ewallet
Normal;Male;Fashion accessories;42.08;265.104;Cash
Normal;Female;Home and lifestyle;67.09;3.522.225;Credit card
Member;Female;Fashion accessories;96.7;507.675;Ewallet
Member;Female;Home and lifestyle;35.38;334.341;Credit card
Normal;Male;Sports and travel;95.49;7.018.515;Ewallet
Member;Male;Fashion accessories;96.98;407.316;Ewallet
Normal;Female;Electronic accessories;23.65;99.33;Credit card
Member;Male;Sports and travel;82.33;345.786;Credit card
Normal;Female;Electronic accessories;26.61;55.881;Cash
Normal;Female;Food and beverages;99.69;5.233.725;Cash
Member;Female;Food and beverages;74.89;314.538;Ewallet
Normal;Female;Food and beverages;40.94;214.935;Ewallet
Member;Male;Sports and travel;75.82;79.611;Cash
Normal;Male;Food and beverages;46.77;294.651;Cash
Normal;Female;Health and beauty;32.32;339.36;Credit card
Member;Female;Fashion accessories;54.07;5.109.615;Ewallet
Normal;Male;Food and beverages;18.22;133.917;Credit card
Member;Female;Fashion accessories;80.48;253.512;Cash
Normal;Female;Fashion accessories;37.95;398.475;Cash
Member;Male;Electronic accessories;76.82;80.661;Ewallet
Member;Female;Sports and travel;52.26;548.73;Credit card
Normal;Female;Health and beauty;79.74;83.727;Ewallet
Normal;Female;Health and beauty;77.5;406.875;Ewallet
Normal;Female;Food and beverages;54.27;2.849.175;Ewallet
Normal;Male;Home and lifestyle;13.59;1.284.255;Cash
Member;Female;Health and beauty;41.06;258.678;Credit card
Member;Male;Electronic accessories;19.24;181.818;Cash
Normal;Female;Food and beverages;39.43;248.409;Credit card
Normal;Male;Home and lifestyle;46.22;194.124;Credit card
Member;Male;Home and lifestyle;13.98;14.679;Ewallet
Normal;Female;Fashion accessories;39.75;2.086.875;Ewallet
Member;Female;Fashion accessories;97.79;7.187.565;Ewallet
Member;Male;Sports and travel;67.26;282.492;Credit card
Normal;Male;Food and beverages;13.79;723.975;Credit card
Member;Female;Fashion accessories;68.71;288.582;Cash
Normal;Female;Home and lifestyle;56.53;237.426;Ewallet
Normal;Female;Fashion accessories;23.82;125.055;Ewallet
Normal;Female;Health and beauty;34.21;359.205;Cash
Normal;Male;Sports and travel;21.87;45.927;Ewallet
Member;Male;Health and beauty;20.97;1.100.925;Cash
Normal;Male;Sports and travel;25.84;81.396;Ewallet
Normal;Male;Home and lifestyle;50.93;427.812;Ewallet
Normal;Male;Health and beauty;96.11;1.009.155;Ewallet
Normal;Female;Home and lifestyle;45.38;190.596;Credit card
Member;Female;Health and beauty;81.51;855.855;Ewallet
Normal;Female;Health and beauty;57.22;120.162;Ewallet
Member;Female;Electronic accessories;25.22;185.367;Cash
Member;Female;Food and beverages;38.6;121.59;Ewallet
Normal;Female;Electronic accessories;84.05;2.647.575;Cash
Member;Female;Fashion accessories;97.21;1.020.705;Credit card
Member;Male;Fashion accessories;25.42;213.528;Credit card
Normal;Male;Fashion accessories;16.28;17.094;Cash
Member;Male;Fashion accessories;40.61;3.837.645;Cash
Member;Male;Health and beauty;53.17;3.907.995;Cash
Member;Female;Food and beverages;20.87;657.405;Credit card
Normal;Male;Sports and travel;67.27;3.531.675;Cash
Member;Female;Home and lifestyle;90.65;951.825;Ewallet
Normal;Male;Fashion accessories;69.08;145.068;Credit card
Normal;Male;Food and beverages;43.27;90.867;Ewallet
Normal;Female;Electronic accessories;23.46;147.798;Ewallet
Normal;Male;Fashion accessories;95.54;702.219;Credit card
Normal;Female;Fashion accessories;47.44;49.812;Credit card
Normal;Male;Sports and travel;99.24;937.818;Ewallet
Member;Male;Sports and travel;82.93;348.306;Ewallet
Normal;Male;Home and lifestyle;33.99;214.137;Credit card
Member;Male;Food and beverages;17.04;71.568;Ewallet
Normal;Female;Electronic accessories;40.86;343.224;Credit card
Member;Male;Food and beverages;17.44;91.56;Cash
Member;Female;Sports and travel;88.43;742.812;Credit card
Member;Female;Home and lifestyle;89.21;8.430.345;Credit card
Normal;Male;Fashion accessories;12.78;13.419;Ewallet
Normal;Female;Sports and travel;19.1;140.385;Cash
Member;Female;Health and beauty;19.15;201.075;Credit card
Member;Male;Food and beverages;27.66;290.43;Credit card
Normal;Male;Fashion accessories;45.74;144.081;Credit card
Member;Female;Health and beauty;27.07;284.235;Credit card
Member;Female;Sports and travel;39.12;41.076;Credit card
Normal;Female;Electronic accessories;74.71;470.673;Cash
Normal;Male;Electronic accessories;22.01;138.663;Cash
Normal;Female;Food and beverages;63.61;3.339.525;Ewallet
Normal;Male;Health and beauty;25;26.25;Ewallet
Member;Male;Electronic accessories;20.77;87.234;Cash
Member;Female;Fashion accessories;29.56;155.19;Cash
Member;Female;Food and beverages;77.4;731.43;Credit card
Normal;Male;Electronic accessories;79.39;833.595;Cash
Member;Female;Electronic accessories;46.57;488.985;Cash
Normal;Male;Food and beverages;35.89;376.845;Credit card
Normal;Male;Food and beverages;40.52;212.73;Cash
Member;Female;Food and beverages;73.05;767.025;Credit card
Normal;Female;Sports and travel;73.95;310.59;Cash
Member;Female;Food and beverages;22.62;23.751;Cash
Member;Male;Food and beverages;51.34;269.535;Credit card
Member;Female;Sports and travel;54.55;572.775;Credit card
Member;Female;Health and beauty;37.15;2.730.525;Credit card
Normal;Male;Sports and travel;37.02;233.226;Cash
Normal;Male;Food and beverages;21.58;22.659;Ewallet
Member;Female;Electronic accessories;98.84;103.782;Cash
Member;Female;Home and lifestyle;83.77;527.751;Ewallet
Member;Female;Sports and travel;40.05;168.21;Cash
Member;Male;Fashion accessories;43.13;452.865;Credit card
Member;Male;Health and beauty;72.57;609.588;Cash
Member;Female;Electronic accessories;64.44;338.31;Cash
Normal;Male;Health and beauty;65.18;205.317;Credit card
Normal;Female;Sports and travel;33.26;174.615;Credit card
Normal;Male;Electronic accessories;84.07;353.094;Ewallet
Normal;Male;Sports and travel;34.37;360.885;Ewallet
Normal;Male;Electronic accessories;38.6;40.53;Ewallet
Normal;Male;Food and beverages;65.97;554.148;Cash
Normal;Female;Electronic accessories;32.8;344.4;Cash
Normal;Male;Sports and travel;37.14;194.985;Ewallet
Member;Male;Home and lifestyle;60.38;633.99;Cash
Member;Female;Sports and travel;36.98;388.29;Credit card
Member;Female;Sports and travel;49.49;207.858;Ewallet
Normal;Female;Fashion accessories;41.09;431.445;Cash
Normal;Male;Fashion accessories;37.15;156.03;Ewallet
Normal;Male;Home and lifestyle;22.96;24.108;Cash
Member;Female;Home and lifestyle;77.68;734.076;Ewallet
Normal;Female;Fashion accessories;34.7;72.87;Ewallet
Member;Female;Fashion accessories;19.66;206.43;Credit card
Member;Female;Health and beauty;25.32;212.688;Ewallet
Member;Female;Home and lifestyle;12.12;127.26;Credit card
Normal;Male;Fashion accessories;99.89;209.769;Ewallet
Normal;Male;Sports and travel;75.92;637.728;Cash
Normal;Female;Electronic accessories;63.22;132.762;Cash
Normal;Female;Food and beverages;90.24;568.512;Cash
Member;Female;Sports and travel;98.13;1.030.365;Cash
Member;Female;Sports and travel;51.52;432.768;Cash
Member;Male;Sports and travel;73.97;776.685;Credit card
Member;Female;Fashion accessories;31.9;33.495;Ewallet
Normal;Male;Home and lifestyle;69.4;145.74;Ewallet
Normal;Female;Sports and travel;93.31;195.951;Cash
Normal;Male;Sports and travel;88.45;928.725;Credit card
Member;Male;Electronic accessories;24.18;203.112;Ewallet
Member;Female;Sports and travel;48.5;152.775;Cash
Normal;Female;Food and beverages;84.05;529.515;Credit card
Member;Male;Health and beauty;61.29;3.217.725;Cash
Member;Female;Home and lifestyle;15.95;100.485;Credit card
Member;Female;Sports and travel;90.74;666.939;Credit card
Normal;Female;Home and lifestyle;42.91;2.252.775;Ewallet
Normal;Female;Fashion accessories;54.28;398.958;Ewallet
Normal;Male;Electronic accessories;99.55;7.316.925;Cash
Member;Male;Sports and travel;58.39;4.291.665;Credit card
Member;Female;Fashion accessories;51.47;540.435;Ewallet
Member;Male;Health and beauty;54.86;288.015;Ewallet
Member;Male;Home and lifestyle;39.39;2.067.975;Credit card
Normal;Male;Home and lifestyle;34.73;72.933;Ewallet
Member;Male;Sports and travel;71.92;377.58;Credit card
Normal;Female;Electronic accessories;45.71;1.439.865;Credit card
Member;Female;Home and lifestyle;83.17;523.971;Cash
Member;Female;Home and lifestyle;37.44;235.872;Credit card
Normal;Male;Health and beauty;62.87;132.027;Cash
Normal;Male;Food and beverages;81.71;514.773;Credit card
Member;Female;Sports and travel;91.41;4.799.025;Ewallet
Normal;Male;Fashion accessories;39.21;164.682;Credit card
Member;Male;Fashion accessories;59.86;125.706;Ewallet
Member;Female;Food and beverages;54.36;570.78;Credit card
Normal;Male;Sports and travel;98.09;9.269.505;Cash
Normal;Male;Health and beauty;25.43;160.209;Ewallet
Member;Male;Fashion accessories;86.68;728.112;Credit card
Normal;Male;Electronic accessories;22.95;240.975;Ewallet
Normal;Female;Food and beverages;16.31;1.541.295;Ewallet
Normal;Female;Home and lifestyle;28.32;148.68;Ewallet
Normal;Male;Home and lifestyle;16.67;1.225.245;Ewallet
Member;Female;Fashion accessories;73.96;77.658;Credit card
Normal;Male;Home and lifestyle;97.94;102.837;Ewallet
Normal;Female;Fashion accessories;73.05;306.81;Credit card
Member;Female;Food and beverages;87.48;551.124;Ewallet
Normal;Male;Home and lifestyle;30.68;96.642;Ewallet
Member;Male;Health and beauty;75.88;79.674;Credit card
Member;Female;Sports and travel;20.18;84.756;Credit card
Member;Male;Electronic accessories;18.77;118.251;Credit card
Normal;Female;Food and beverages;71.2;74.76;Credit card
Member;Male;Home and lifestyle;38.81;163.002;Ewallet
Normal;Female;Fashion accessories;29.42;308.91;Ewallet
Normal;Male;Sports and travel;60.95;5.759.775;Credit card
Normal;Female;Sports and travel;51.54;270.585;Cash
Normal;Female;Electronic accessories;66.06;416.178;Cash
Normal;Male;Fashion accessories;57.27;1.804.005;Ewallet
Normal;Female;Fashion accessories;54.31;5.132.295;Cash
Normal;Female;Health and beauty;58.24;550.368;Cash
Normal;Male;Electronic accessories;22.21;139.923;Credit card
Member;Male;Electronic accessories;19.32;142.002;Cash
Normal;Male;Home and lifestyle;37.48;118.062;Credit card
Member;Female;Fashion accessories;72.04;151.284;Cash
Member;Female;Food and beverages;98.52;1034.46;Ewallet
Member;Male;Food and beverages;41.66;262.458;Ewallet
Member;Female;Home and lifestyle;72.42;228.123;Ewallet
Normal;Male;Electronic accessories;21.58;203.931;Cash
Normal;Male;Food and beverages;89.2;936.6;Credit card
Normal;Female;Electronic accessories;42.42;356.328;Ewallet
Member;Male;Electronic accessories;74.51;469.413;Ewallet
Normal;Male;Fashion accessories;99.25;208.425;Cash
Normal;Female;Food and beverages;81.21;852.705;Credit card
Normal;Female;Sports and travel;49.33;517.965;Credit card
Normal;Female;Fashion accessories;65.74;621.243;Cash
Normal;Female;Fashion accessories;79.86;586.971;Credit card
Normal;Female;Sports and travel;73.98;543.753;Ewallet
Member;Female;Home and lifestyle;82.04;430.71;Credit card
Member;Male;Sports and travel;26.67;280.035;Cash
Member;Male;Food and beverages;10.13;744.555;Ewallet
Normal;Male;Food and beverages;72.39;152.019;Credit card
Normal;Male;Sports and travel;85.91;4.510.275;Credit card
Member;Male;Fashion accessories;81.31;5.976.285;Ewallet
Normal;Male;Food and beverages;60.3;253.26;Cash
Normal;Male;Food and beverages;31.77;133.434;Ewallet
Normal;Female;Health and beauty;64.27;269.934;Cash
Normal;Male;Health and beauty;69.51;145.971;Ewallet
Normal;Male;Food and beverages;27.22;85.743;Cash
Member;Female;Health and beauty;77.68;326.256;Cash
Member;Female;Fashion accessories;92.98;195.258;Credit card
Member;Female;Fashion accessories;18.08;75.936;Credit card
Normal;Male;Sports and travel;63.06;198.639;Ewallet
Normal;Male;Health and beauty;51.71;217.182;Credit card
Normal;Female;Food and beverages;52.34;164.871;Cash
Normal;Female;Sports and travel;43.06;226.065;Ewallet
Normal;Male;Fashion accessories;59.61;625.905;Cash
Normal;Male;Health and beauty;14.62;76.755;Cash
Member;Male;Health and beauty;46.53;293.139;Credit card
Member;Female;Home and lifestyle;24.24;178.164;Ewallet
Member;Female;Sports and travel;45.58;47.859;Cash
Member;Female;Sports and travel;75.2;236.88;Ewallet
Member;Male;Sports and travel;96.8;304.92;Cash
Normal;Male;Health and beauty;14.82;46.683;Credit card
Normal;Male;Food and beverages;52.2;164.43;Credit card
Normal;Female;Sports and travel;46.66;440.937;Ewallet
Normal;Female;Fashion accessories;36.85;1.934.625;Cash
Member;Female;Home and lifestyle;70.32;147.672;Ewallet
Normal;Male;Electronic accessories;83.08;87.234;Ewallet
Normal;Female;Fashion accessories;64.99;682.395;Credit card
Normal;Male;Food and beverages;77.56;814.38;Ewallet
Normal;Female;Sports and travel;54.51;343.413;Ewallet
Member;Female;Fashion accessories;51.89;3.813.915;Cash
Normal;Male;Home and lifestyle;31.75;133.35;Cash
Member;Female;Fashion accessories;53.65;3.943.275;Ewallet
Member;Female;Food and beverages;49.79;209.118;Credit card
Normal;Male;Fashion accessories;30.61;321.405;Ewallet
Member;Male;Food and beverages;57.89;121.569;Ewallet
Normal;Female;Electronic accessories;28.96;30.408;Credit card
Member;Female;Food and beverages;98.97;9.352.665;Cash
Member;Male;Fashion accessories;93.22;293.643;Cash
Member;Male;Sports and travel;80.93;849.765;Credit card
Member;Male;Food and beverages;67.45;708.225;Ewallet
Member;Female;Sports and travel;38.72;365.904;Ewallet
Member;Male;Sports and travel;72.6;457.38;Cash
Member;Male;Electronic accessories;87.91;4.615.275;Ewallet
Member;Male;Food and beverages;98.53;620.739;Credit card
Member;Female;Fashion accessories;43.46;273.798;Ewallet
Normal;Female;Food and beverages;71.68;225.792;Credit card
Member;Female;Food and beverages;91.61;961.905;Cash
Member;Female;Home and lifestyle;94.59;6.952.365;Credit card
Normal;Female;Fashion accessories;83.25;874.125;Credit card
Member;Male;Fashion accessories;91.35;959.175;Cash
Member;Female;Food and beverages;78.88;165.648;Cash
Normal;Male;Sports and travel;60.87;127.827;Ewallet
Member;Male;Health and beauty;82.58;867.09;Cash
Member;Male;Home and lifestyle;53.3;167.895;Ewallet
Normal;Female;Fashion accessories;12.09;126.945;Credit card
Normal;Male;Sports and travel;64.19;673.995;Credit card
Normal;Male;Electronic accessories;78.31;2.466.765;Ewallet
Member;Male;Food and beverages;83.77;175.917;Credit card
Normal;Male;Home and lifestyle;99.7;314.055;Ewallet
Member;Male;Food and beverages;79.91;2.517.165;Credit card
Member;Male;Health and beauty;66.47;697.935;Credit card
Normal;Male;Health and beauty;28.95;2.127.825;Credit card
Normal;Female;Electronic accessories;46.2;48.51;Cash
Member;Female;Food and beverages;17.63;925.575;Cash
Normal;Male;Fashion accessories;52.42;165.123;Ewallet
Member;Female;Food and beverages;98.79;3.111.885;Ewallet
Member;Female;Electronic accessories;88.55;743.82;Ewallet
Member;Male;Electronic accessories;55.67;116.907;Ewallet
Member;Female;Food and beverages;72.52;609.168;Credit card
Member;Male;Electronic accessories;12.05;632.625;Ewallet
Member;Male;Home and lifestyle;19.36;182.952;Ewallet
Normal;Male;Health and beauty;70.21;442.323;Cash
Member;Male;Fashion accessories;33.63;353.115;Cash
Member;Female;Sports and travel;15.49;32.529;Cash
Normal;Male;Electronic accessories;24.74;259.77;Cash
Normal;Male;Electronic accessories;75.66;397.215;Ewallet
Normal;Female;Health and beauty;55.81;351.603;Cash
Member;Male;Home and lifestyle;72.78;764.19;Cash
Member;Male;Sports and travel;37.32;352.674;Ewallet
Member;Male;Fashion accessories;60.18;252.756;Credit card
Normal;Female;Electronic accessories;15.69;494.235;Credit card
Normal;Female;Electronic accessories;99.69;1.046.745;Credit card
Member;Female;Fashion accessories;88.15;2.776.725;Ewallet
Member;Female;Sports and travel;27.93;1.466.325;Cash
Member;Male;Fashion accessories;55.45;582.225;Credit card
Normal;Female;Sports and travel;42.97;1.353.555;Cash
Member;Male;Sports and travel;17.14;125.979;Credit card
Member;Female;Fashion accessories;58.75;370.125;Credit card
Member;Female;Food and beverages;87.1;914.55;Credit card
Normal;Female;Sports and travel;98.8;207.48;Cash
Normal;Female;Fashion accessories;48.63;204.246;Ewallet
Member;Male;Food and beverages;57.74;181.881;Ewallet
Normal;Female;Health and beauty;17.97;75.474;Ewallet
Member;Female;Health and beauty;47.71;300.573;Ewallet
Normal;Female;Sports and travel;40.62;85.302;Credit card
Member;Male;Fashion accessories;56.04;588.42;Ewallet
Member;Male;Food and beverages;93.4;196.14;Cash
Normal;Female;Health and beauty;73.41;2.312.415;Ewallet
Normal;Male;Health and beauty;33.64;282.576;Credit card
Normal;Female;Electronic accessories;45.48;477.54;Credit card
Member;Male;Fashion accessories;83.77;175.917;Cash
Member;Female;Sports and travel;64.08;470.988;Credit card
Member;Female;Food and beverages;73.47;308.574;Cash
Normal;Male;Health and beauty;58.95;618.975;Ewallet
Member;Male;Food and beverages;48.5;305.55;Ewallet
Member;Female;Electronic accessories;39.48;41.454;Cash
Normal;Female;Sports and travel;34.81;365.505;Credit card
Normal;Female;Fashion accessories;49.32;310.716;Ewallet
Member;Male;Fashion accessories;21.48;45.108;Ewallet
Member;Female;Sports and travel;23.08;145.404;Ewallet
Member;Female;Home and lifestyle;49.1;103.11;Credit card
Member;Female;Sports and travel;64.83;136.143;Credit card
Member;Male;Home and lifestyle;63.56;667.38;Cash
Member;Male;Sports and travel;72.88;153.048;Cash
Normal;Female;Food and beverages;67.1;211.365;Cash
Member;Female;Sports and travel;70.19;6.632.955;Cash
Member;Male;Food and beverages;55.04;404.544;Ewallet
Member;Male;Health and beauty;48.63;510.615;Cash
Member;Female;Fashion accessories;73.38;539.343;Cash
Normal;Female;Food and beverages;52.6;497.07;Cash
Member;Female;Home and lifestyle;87.37;4.586.925;Cash
Member;Female;Sports and travel;27.04;113.568;Ewallet
Normal;Male;Home and lifestyle;62.19;261.198;Ewallet
Member;Male;Electronic accessories;69.58;657.531;Credit card
Normal;Male;Home and lifestyle;97.5;1023.75;Ewallet
Normal;Female;Fashion accessories;60.41;507.444;Ewallet
Normal;Male;Food and beverages;32.32;101.808;Credit card
Member;Female;Fashion accessories;19.77;207.585;Credit card
Member;Male;Health and beauty;80.47;7.604.415;Cash
Member;Female;Home and lifestyle;88.39;8.352.855;Cash
Normal;Male;Health and beauty;71.77;5.275.095;Cash
Normal;Female;Electronic accessories;43;180.6;Ewallet
Member;Male;Food and beverages;68.98;72.429;Cash
Normal;Male;Fashion accessories;15.62;131.208;Ewallet
Normal;Male;Sports and travel;25.7;80.955;Ewallet
Member;Male;Food and beverages;80.62;507.906;Cash
Member;Female;Home and lifestyle;75.53;317.226;Ewallet
Normal;Female;Electronic accessories;77.63;7.336.035;Ewallet
Normal;Female;Health and beauty;13.85;1.308.825;Ewallet
Member;Male;Fashion accessories;98.7;829.08;Ewallet
Normal;Female;Health and beauty;35.68;187.32;Credit card
Member;Female;Fashion accessories;71.46;525.231;Ewallet
Member;Male;Electronic accessories;11.94;37.611;Credit card
Normal;Male;Fashion accessories;45.38;142.947;Credit card
Member;Female;Fashion accessories;17.48;110.124;Credit card
Normal;Female;Fashion accessories;25.56;187.866;Cash
Member;Female;Sports and travel;90.63;8.564.535;Cash
Normal;Male;Home and lifestyle;44.12;138.978;Credit card
Member;Female;Food and beverages;36.77;2.702.595;Cash
Member;Male;Food and beverages;23.34;98.028;Ewallet
Member;Female;Health and beauty;28.5;239.4;Cash
Member;Male;Home and lifestyle;55.57;1.750.455;Credit card
Normal;Male;Sports and travel;69.74;732.27;Credit card
Normal;Male;Fashion accessories;97.26;408.492;Ewallet
Member;Female;Home and lifestyle;52.18;383.523;Cash
Member;Female;Fashion accessories;22.32;93.744;Credit card
Normal;Male;Health and beauty;56;176.4;Ewallet
Member;Male;Fashion accessories;19.7;20.685;Ewallet
Normal;Male;Electronic accessories;75.88;557.718;Ewallet
Member;Male;Food and beverages;53.72;56.406;Ewallet
Member;Male;Health and beauty;81.95;860.475;Credit card
Member;Female;Home and lifestyle;81.2;596.82;Credit card
Normal;Male;Electronic accessories;58.76;616.98;Ewallet
Member;Male;Electronic accessories;91.56;769.104;Ewallet
Normal;Male;Home and lifestyle;93.96;887.922;Cash
Normal;Male;Home and lifestyle;55.61;4.087.335;Cash
Normal;Male;Food and beverages;84.83;890.715;Ewallet
Member;Female;Sports and travel;71.63;150.423;Ewallet
Member;Male;Home and lifestyle;37.69;79.149;Ewallet
Member;Female;Sports and travel;31.67;266.028;Credit card
Member;Female;Food and beverages;38.42;40.341;Cash
Member;Male;Fashion accessories;65.23;684.915;Credit card
Member;Female;Home and lifestyle;10.53;552.825;Credit card
Member;Female;Home and lifestyle;12.29;1.161.405;Credit card
Member;Male;Health and beauty;81.23;5.970.405;Cash
Member;Female;Fashion accessories;22.32;93.744;Ewallet
Normal;Female;Food and beverages;27.28;143.22;Credit card
Member;Female;Electronic accessories;17.42;182.91;Ewallet
Normal;Male;Home and lifestyle;73.28;384.72;Ewallet
Member;Female;Fashion accessories;84.87;2.673.405;Ewallet
Normal;Female;Fashion accessories;97.29;817.236;Credit card
Member;Female;Electronic accessories;35.74;300.216;Ewallet
Normal;Female;Home and lifestyle;96.52;608.076;Cash
Member;Male;Food and beverages;18.85;197.925;Ewallet
Normal;Female;Food and beverages;55.39;232.638;Ewallet
Member;Female;Food and beverages;77.2;810.6;Credit card
Normal;Male;Electronic accessories;72.13;757.365;Credit card
Member;Female;Fashion accessories;63.88;536.592;Ewallet
Member;Female;Health and beauty;10.69;561.225;Ewallet
Member;Male;Health and beauty;55.5;233.1;Credit card
Normal;Female;Home and lifestyle;95.46;801.864;Ewallet
Normal;Female;Fashion accessories;76.06;239.589;Credit card
Normal;Male;Sports and travel;13.69;86.247;Cash
Normal;Female;Electronic accessories;95.64;401.688;Cash
Normal;Female;Home and lifestyle;11.43;72.009;Cash
Member;Female;Sports and travel;95.54;401.268;Ewallet
Member;Female;Health and beauty;85.87;6.311.445;Credit card
Member;Female;Sports and travel;67.99;4.997.265;Ewallet
Normal;Female;Food and beverages;52.42;55.041;Credit card
Member;Male;Food and beverages;65.65;137.865;Cash
Normal;Female;Food and beverages;28.86;151.515;Credit card
Member;Male;Health and beauty;65.31;4.800.285;Credit card
Normal;Male;Sports and travel;93.38;98.049;Cash
Member;Male;Sports and travel;25.25;1.325.625;Cash
Member;Male;Electronic accessories;87.87;8.303.715;Ewallet
Normal;Male;Health and beauty;21.8;183.12;Cash
Normal;Female;Sports and travel;94.76;397.992;Ewallet
Member;Female;Fashion accessories;30.62;32.151;Credit card
Normal;Female;Home and lifestyle;44.01;369.684;Cash
Member;Female;Health and beauty;10.16;53.34;Ewallet
Normal;Male;Electronic accessories;74.58;548.163;Credit card
Normal;Male;Electronic accessories;71.89;603.876;Ewallet
Normal;Female;Health and beauty;10.99;576.975;Credit card
Member;Male;Health and beauty;60.47;1.904.805;Credit card
Normal;Male;Sports and travel;58.91;4.329.885;Ewallet
Normal;Male;Fashion accessories;46.41;487.305;Credit card
Member;Male;Health and beauty;68.55;287.91;Credit card
Normal;Female;Home and lifestyle;97.37;1.022.385;Credit card
Member;Male;Electronic accessories;92.6;680.61;Credit card
Normal;Female;Electronic accessories;46.61;97.881;Credit card
Normal;Male;Fashion accessories;27.18;57.078;Ewallet
Member;Female;Home and lifestyle;60.87;639.135;Cash
Member;Female;Sports and travel;24.49;257.145;Cash
Normal;Male;Health and beauty;92.78;97.419;Credit card
Member;Male;Home and lifestyle;86.69;4.551.225;Ewallet
Normal;Male;Sports and travel;23.01;144.963;Ewallet
Member;Female;Electronic accessories;30.2;253.68;Ewallet
Member;Male;Fashion accessories;67.39;4.953.165;Ewallet
Member;Female;Fashion accessories;48.96;462.672;Cash
Member;Female;Electronic accessories;75.59;7.143.255;Cash
Normal;Female;Home and lifestyle;77.47;325.374;Cash
Normal;Female;Sports and travel;93.18;195.678;Credit card
Normal;Female;Electronic accessories;50.23;210.966;Cash
Normal;Female;Health and beauty;17.75;186.375;Cash
Normal;Female;Fashion accessories;62.18;652.89;Ewallet
Normal;Male;Health and beauty;10.75;90.3;Ewallet
Normal;Female;Electronic accessories;40.26;422.73;Credit card
Member;Female;Sports and travel;64.97;3.410.925;Credit card
Normal;Male;Electronic accessories;95.15;999.075;Cash
Member;Female;Electronic accessories;48.62;408.408;Cash
Normal;Female;Food and beverages;53.21;446.964;Ewallet
Normal;Female;Fashion accessories;45.44;333.984;Cash
Normal;Male;Food and beverages;33.88;284.592;Ewallet
Member;Male;Health and beauty;96.16;403.872;Credit card
Member;Male;Food and beverages;47.16;247.59;Credit card
Normal;Male;Electronic accessories;52.89;222.138;Ewallet
Member;Female;Home and lifestyle;47.68;100.128;Credit card
Member;Male;Sports and travel;10.17;106.785;Cash
Normal;Female;Health and beauty;68.71;2.164.365;Cash
Member;Female;Sports and travel;60.08;441.588;Credit card
Member;Female;Sports and travel;22.01;92.442;Credit card
Member;Female;Health and beauty;72.11;6.814.395;Credit card
Member;Male;Fashion accessories;41.28;130.032;Credit card
Normal;Male;Electronic accessories;64.95;681.975;Cash
Member;Female;Electronic accessories;74.22;779.31;Credit card
Normal;Male;Electronic accessories;10.56;88.704;Cash
Normal;Male;Health and beauty;62.57;262.794;Cash
Member;Female;Sports and travel;11.85;99.54;Cash
Member;Male;Health and beauty;91.3;95.865;Ewallet
Member;Female;Home and lifestyle;40.73;2.993.655;Ewallet
Normal;Male;Fashion accessories;52.38;54.999;Cash
Member;Male;Fashion accessories;38.54;202.335;Ewallet
Normal;Male;Sports and travel;44.63;281.169;Credit card
Normal;Male;Electronic accessories;55.87;586.635;Cash
Member;Female;Sports and travel;29.22;184.086;Ewallet
Normal;Male;Fashion accessories;51.94;163.611;Cash
Normal;Male;Electronic accessories;60.3;63.315;Cash
Member;Female;Sports and travel;39.47;82.887;Credit card
Member;Female;Food and beverages;14.87;31.227;Credit card
Normal;Male;Fashion accessories;21.32;22.386;Cash
Member;Male;Electronic accessories;93.78;295.407;Credit card
Member;Male;Electronic accessories;73.26;76.923;Ewallet
Normal;Female;Sports and travel;22.38;23.499;Credit card
Member;Female;Food and beverages;72.88;688.716;Cash
Normal;Female;Fashion accessories;99.1;624.33;Cash
Normal;Male;Fashion accessories;74.1;77.805;Cash
Normal;Female;Fashion accessories;98.48;206.808;Ewallet
Normal;Male;Health and beauty;53.19;3.909.465;Ewallet
Normal;Female;Electronic accessories;52.79;554.295;Ewallet
Member;Female;Health and beauty;95.95;5.037.375;Ewallet
Normal;Female;Fashion accessories;36.51;3.450.195;Cash
Normal;Male;Food and beverages;21.12;177.408;Cash
Member;Female;Home and lifestyle;28.31;118.902;Cash
Normal;Male;Health and beauty;57.59;362.817;Cash
Member;Female;Food and beverages;47.63;4.501.035;Cash
Member;Female;Home and lifestyle;86.27;905.835;Ewallet
Member;Male;Sports and travel;12.76;26.796;Ewallet
Normal;Female;Home and lifestyle;11.28;106.596;Credit card
Normal;Female;Home and lifestyle;51.07;3.753.645;Cash
Member;Female;Electronic accessories;79.59;2.507.085;Cash
Member;Male;Health and beauty;33.81;1.065.015;Ewallet
Member;Male;Sports and travel;90.53;760.452;Credit card
Member;Female;Health and beauty;62.82;131.922;Ewallet
Member;Male;Food and beverages;24.31;765.765;Credit card
Normal;Male;Sports and travel;64.59;271.278;Ewallet
Member;Male;Food and beverages;24.82;182.427;Credit card
Normal;Male;Fashion accessories;56.5;59.325;Ewallet
Member;Female;Electronic accessories;21.43;225.015;Cash
Member;Male;Sports and travel;89.06;561.078;Cash
Member;Male;Home and lifestyle;23.29;97.818;Credit card
Normal;Male;Home and lifestyle;65.26;548.184;Ewallet
Member;Male;Fashion accessories;52.35;549.675;Cash
Member;Male;Electronic accessories;39.75;417.375;Cash
Normal;Female;Electronic accessories;90.02;756.168;Credit card
Member;Female;Electronic accessories;12.1;101.64;Ewallet
Member;Female;Food and beverages;33.21;348.705;Ewallet
Member;Female;Fashion accessories;10.18;85.512;Credit card
Member;Male;Sports and travel;31.99;335.895;Credit card
Member;Female;Home and lifestyle;34.42;216.846;Ewallet
Member;Female;Food and beverages;83.34;175.014;Cash
Normal;Male;Sports and travel;45.58;335.013;Cash
Member;Male;Food and beverages;87.9;92.295;Ewallet
Member;Female;Electronic accessories;73.47;771.435;Ewallet
Normal;Female;Fashion accessories;12.19;102.396;Ewallet
Member;Male;Sports and travel;76.92;807.66;Ewallet
Normal;Female;Health and beauty;83.66;439.215;Cash
Normal;Female;Electronic accessories;57.91;486.444;Cash
Member;Female;Fashion accessories;92.49;4.855.725;Credit card
Normal;Male;Electronic accessories;28.38;148.995;Cash
Member;Male;Electronic accessories;50.45;317.835;Credit card
Normal;Male;Health and beauty;99.16;832.944;Credit card
Normal;Male;Fashion accessories;60.74;446.439;Ewallet
Member;Female;Food and beverages;47.27;297.801;Cash
Member;Male;Health and beauty;85.6;629.16;Cash
Member;Male;Food and beverages;35.04;331.128;Ewallet
Member;Female;Electronic accessories;44.84;423.738;Credit card
Normal;Male;Home and lifestyle;45.97;193.074;Ewallet
Member;Female;Health and beauty;27.73;1.455.825;Credit card
Normal;Male;Food and beverages;11.53;847.455;Cash
Normal;Female;Health and beauty;58.32;122.472;Ewallet
Member;Female;Home and lifestyle;78.38;329.196;Cash
Normal;Male;Health and beauty;84.61;888.405;Credit card
Normal;Female;Health and beauty;82.88;435.12;Credit card
Member;Female;Food and beverages;79.54;167.034;Ewallet
Normal;Female;Home and lifestyle;49.01;514.605;Credit card
Member;Female;Food and beverages;29.15;918.225;Credit card
Normal;Female;Electronic accessories;56.13;235.746;Ewallet
Normal;Female;Home and lifestyle;93.12;782.208;Cash
Member;Male;Fashion accessories;51.34;431.256;Ewallet
Member;Female;Food and beverages;99.6;313.74;Cash
Normal;Female;Electronic accessories;35.49;223.587;Cash
Member;Male;Sports and travel;42.85;449.925;Credit card
Normal;Female;Fashion accessories;94.67;397.614;Cash
Normal;Male;Home and lifestyle;68.97;2.172.555;Ewallet
Member;Female;Electronic accessories;26.26;82.719;Ewallet
Member;Female;Home and lifestyle;35.79;3.382.155;Credit card
Normal;Female;Home and lifestyle;16.37;103.131;Cash
Member;Female;Home and lifestyle;12.73;26.733;Credit card
Normal;Female;Sports and travel;83.14;611.079;Credit card
Member;Female;Sports and travel;35.22;221.886;Ewallet
Normal;Female;Electronic accessories;13.78;57.876;Ewallet
Member;Male;Sports and travel;88.31;927.255;Credit card
Member;Female;Health and beauty;39.62;374.409;Credit card
Normal;Female;Electronic accessories;88.25;8.339.625;Credit card
Normal;Male;Sports and travel;25.31;53.151;Ewallet
Normal;Male;Home and lifestyle;99.92;629.496;Ewallet
Member;Female;Fashion accessories;83.35;175.035;Credit card
Normal;Female;Food and beverages;74.44;781.62;Ewallet
Normal;Male;Health and beauty;64.08;470.988;Ewallet
Normal;Female;Home and lifestyle;63.15;397.845;Ewallet
Member;Male;Home and lifestyle;85.72;270.018;Ewallet
Normal;Female;Health and beauty;78.89;5.798.415;Ewallet
Normal;Female;Sports and travel;89.48;469.77;Cash
Member;Female;Health and beauty;92.09;2.900.835;Cash
Normal;Female;Food and beverages;57.29;360.927;Ewallet
Normal;Male;Food and beverages;66.52;279.384;Ewallet
Member;Male;Fashion accessories;99.82;943.299;Cash
Normal;Female;Home and lifestyle;45.68;479.64;Ewallet
Normal;Male;Health and beauty;50.79;2.666.475;Credit card
Member;Male;Health and beauty;10.08;74.088;Cash
Normal;Female;Electronic accessories;93.88;690.018;Credit card
Member;Male;Electronic accessories;84.25;176.925;Credit card
Member;Male;Fashion accessories;53.78;56.469;Ewallet
Member;Male;Home and lifestyle;35.81;1.880.025;Ewallet
Normal;Female;Food and beverages;26.43;222.012;Ewallet
Member;Male;Health and beauty;39.91;1.257.165;Ewallet
Member;Female;Home and lifestyle;21.9;68.985;Ewallet
Member;Female;Food and beverages;62.85;263.97;Ewallet
Member;Female;Food and beverages;21.04;88.368;Cash
Member;Male;Home and lifestyle;65.91;415.233;Cash
Normal;Female;Fashion accessories;42.57;3.128.895;Cash
Member;Male;Food and beverages;50.49;4.771.305;Cash
Normal;Male;Electronic accessories;46.02;289.926;Cash
Normal;Female;Home and lifestyle;15.8;165.9;Cash
Member;Female;Food and beverages;98.66;932.337;Cash
Member;Male;Fashion accessories;91.98;96.579;Cash
Member;Male;Electronic accessories;20.89;43.869;Cash
Normal;Female;Fashion accessories;15.5;16.275;Credit card
Member;Male;Electronic accessories;96.82;304.983;Cash
Normal;Male;Food and beverages;33.33;69.993;Credit card
Normal;Female;Electronic accessories;38.27;80.367;Credit card
Normal;Female;Home and lifestyle;33.3;314.685;Ewallet
Member;Male;Home and lifestyle;81.01;2.551.815;Credit card
Normal;Female;Health and beauty;15.8;49.77;Cash
Member;Female;Electronic accessories;34.49;1.810.725;Credit card
Member;Female;Food and beverages;84.63;888.615;Credit card
Member;Male;Home and lifestyle;36.91;2.712.885;Ewallet
Normal;Male;Electronic accessories;87.08;640.038;Cash
Normal;Male;Home and lifestyle;80.08;252.252;Cash
Normal;Male;Fashion accessories;86.13;180.873;Cash
Member;Male;Fashion accessories;49.92;104.832;Credit card
Normal;Female;Food and beverages;74.66;313.572;Cash
Member;Male;Food and beverages;26.6;167.58;Ewallet
Normal;Female;Electronic accessories;25.45;267.225;Credit card
Normal;Female;Food and beverages;67.77;711.585;Credit card
Member;Male;Food and beverages;59.59;250.278;Cash
Normal;Male;Health and beauty;58.15;244.23;Cash
Member;Female;Sports and travel;97.48;921.186;Ewallet
Normal;Male;Health and beauty;99.96;734.706;Cash
Normal;Male;Electronic accessories;96.37;7.083.195;Cash
Normal;Female;Fashion accessories;63.71;3.344.775;Ewallet
Normal;Female;Health and beauty;14.76;30.996;Ewallet
Member;Male;Health and beauty;62;520.8;Credit card
Member;Male;Electronic accessories;82.34;864.57;Ewallet
Member;Male;Health and beauty;75.37;633.108;Credit card
Normal;Female;Food and beverages;56.56;296.94;Credit card
Normal;Female;Sports and travel;76.6;804.3;Ewallet
Normal;Male;Electronic accessories;58.03;121.863;Ewallet
Normal;Male;Fashion accessories;17.49;183.645;Ewallet
Member;Female;Electronic accessories;60.95;639.975;Ewallet
Normal;Male;Health and beauty;40.35;423.675;Ewallet
Normal;Female;Home and lifestyle;97.38;1022.49;Ewallet
Member;Male;Food and beverages;31.84;33.432;Cash
Normal;Male;Home and lifestyle;65.82;69.111;Cash
Member;Female;Fashion accessories;88.34;649.299;Cash
